Review,Sentiment
"Absolutely love this product! The quality is amazing and it arrived super fast.",Positive
"Best purchase I've made this year. Highly recommend to everyone.",Positive
"Excellent build quality and the design looks premium. Worth every penny.",Positive
"Five stars! Exactly as described and works perfectly.",Positive
"I am so happy with this. Customer service was also fantastic.",Positive
"Great value for money. The product exceeded my expectations.",Positive
"Fantastic quality and beautiful packaging. Will buy again.",Positive
"Super impressed! Battery life lasts the whole day.",Positive
"This is exactly what I needed. Easy to use and very effective.",Positive
"Outstanding! The shipping was quick and item is high quality.",Positive
"Wonderful experience from ordering to delivery. Item is perfect.",Positive
"Top notch material and stitching. Looks expensive.",Positive
"My family loves it. We use it every day. Great purchase.",Positive
"Crystal clear sound and very comfortable to wear for hours.",Positive
"Very satisfied with this purchase. Better than the brand name version.",Positive
"Perfect fit and the color is vibrant. Lots of compliments.",Positive
"Smooth performance and no lag. Definitely a five star item.",Positive
"Sturdy and well made. Feels like it will last for years.",Positive
"Love the minimalist design. Easy to clean and store.",Positive
"Best gift I have given. Recipient was thrilled.",Positive
"Worth the price. I will definitely recommend it to my friends.",Positive
"The instructions were clear and setup was a breeze.",Positive
"Genuinely impressed by the build. Looks much more expensive than it is.",Positive
"Arrived earlier than expected and works flawlessly.",Positive
"Bright display and snappy interface. Very pleased.",Positive
"Comfortable, lightweight, and stylish. Couldn't ask for more.",Positive
"Brilliant product, fast shipping, and great packaging.",Positive
"Sound is rich and bass is deep. Excellent for the price.",Positive
"Soft fabric and great fit. I bought another one in a different color.",Positive
"Absolute steal at this price. Performs like premium models.",Positive
"Terrible quality. Broke after just two days of use.",Negative
"Very disappointed. The product looks nothing like the picture.",Negative
"Waste of money. Stopped working within a week.",Negative
"Awful experience. Item arrived damaged and customer service was unhelpful.",Negative
"Do not buy this. Cheap material and falls apart easily.",Negative
"Horrible. The product had a bad smell and rough finish.",Negative
"Completely useless. Doesn't do what it advertises.",Negative
"Worst purchase ever. Returning immediately.",Negative
"Very poor quality. Stitching came undone after one wash.",Negative
"Not worth it at all. Save your money and buy a better brand.",Negative
"Battery dies within an hour. Total scam.",Negative
"Item arrived broken and the seller refused to refund.",Negative
"Looks fake. Not the original brand as advertised.",Negative
"Buttons stopped responding after three days. Very frustrating.",Negative
"Slow and laggy. Not what I paid for.",Negative
"The color is completely different from what was shown online.",Negative
"Stopped charging after a week. Garbage product.",Negative
"Very flimsy and feels like a child's toy.",Negative
"Customer support never replied to my emails. Disappointing.",Negative
"Sizing is way off. Way smaller than the chart suggests.",Negative
"Smells strongly of chemicals. Had to throw it away.",Negative
"Terrible audio quality. Sounds like a tin can.",Negative
"The screen has dead pixels right out of the box.",Negative
"Refuses to pair with any device. Useless.",Negative
"Came with missing parts. Could not even assemble it.",Negative
"Returned within a day. Not as described at all.",Negative
"Total disappointment. Cheap plastic and no quality control.",Negative
"Arrived two weeks late and the box was crushed.",Negative
"Did not last a single month. Avoid at all costs.",Negative
"Very rough finish, sharp edges, and overall poor manufacturing.",Negative
"It's okay, nothing special. Average product for an average price.",Neutral
"Decent but not great. Does the job but feels cheap.",Neutral
"It works as expected. Not impressed but not disappointed.",Neutral
"Average quality. Took a while to ship though.",Neutral
"Mediocre at best. There are better alternatives out there.",Neutral
"It's fine. Nothing wrong, nothing exceptional.",Neutral
"Got what I paid for. Standard quality and standard delivery.",Neutral
"Neither good nor bad. Just an ordinary item.",Neutral
"Works for now. Will see how long it lasts.",Neutral
"Okay product. Color is slightly off but acceptable.",Neutral
"Reasonable for the price but I would not buy again.",Neutral
"It does the job, but I expected a bit more for the price.",Neutral
"Functional. Not pretty but it works.",Neutral
"Fairly standard. Nothing surprising in either direction.",Neutral
"Average packaging, average product, average experience.",Neutral
"Performance is so-so. Some features are useful, others are not.",Neutral
"Works most of the time. Occasionally glitches but recovers.",Neutral
"Looks alright. Feels a bit lightweight but functional.",Neutral
"Decent quality for everyday use. Wouldn't trust it for heavy use.",Neutral
"Just a regular item. No complaints, no excitement.",Neutral
"Beautifully crafted and very user friendly. A joy to use.",Positive
"Exceeded all my expectations. Will be a long-time customer.",Positive
"Stylish, functional, and durable. Hits all the marks.",Positive
"Amazing customer service and a quality product. Five stars.",Positive
"Material is soft and the fit is perfect. Love it.",Positive
"The product works exactly as described. Very happy.",Positive
"Great packaging and fast delivery. The item itself is top tier.",Positive
"Surprisingly good for the price point. Highly recommended.",Positive
"Excellent investment. The performance is consistent and reliable.",Positive
"Charges quickly and lasts long. Exactly what I wanted.",Positive
"Defective item. Power button does not work at all.",Negative
"Very misleading description. Product is much smaller than shown.",Negative
"Leaked all over my bag. Terrible seal quality.",Negative
"Crashes constantly and overheats. Returning right away.",Negative
"Looks nothing like the photos. Feels cheap and hollow.",Negative
"After two washes the print completely faded. Disappointing.",Negative
"Strap broke on the first day. Very poor durability.",Negative
"Wifi keeps dropping. Unusable for streaming.",Negative
"Camera quality is awful. Blurry even in good lighting.",Negative
"Pages were stuck together. Could not even read it properly.",Negative
"Pretty average. The features are nothing to write home about.",Neutral
"Just fine for the price. Don't expect anything premium.",Neutral
"Okay-ish. Some minor issues but nothing major.",Neutral
"Looks the part but feels a bit underwhelming in hand.",Neutral
"Acceptable quality. I might keep looking for something better.",Neutral
